{
    "hash"                 : "0023",
    "question_mark"        : "003f",
    "at"                   : "0040",
    "pilcrow"              : "00b6",
    "info"                 : "2139",
    "arrow_left"           : "2190",
    "arrow_up"             : "2191",
    "arrow_right"          : "2192",
    "arrow_down"           : "2193",
    "home"                 : "2302",
    "sun_fill"             : "2600",
    "cloud"                : "2601",
    "umbrella"             : "2602",
    "star"                 : "2605",
    "moon_fill"            : "263e",
    "heart_fill"           : "2764",
    "cog"                  : "2699",
    "bolt"                 : "26a1",
    "key_fill"             : "26bf",
    "rain"                 : "26c6",
    "denied"               : "26d4",
    "mail"                 : "2709",
    "pen"                  : "270e",
    "check"                : "2713",
    "check_alt"            : "2714",
    "x"                    : "2717",
    "x_alt"                : "2718",
    "left_quote"           : "275d",
    "right_quote"          : "275e",
    "plus"                 : "2795",
    "minus"                : "2796",
    "curved_arrow"         : "2935",
    "document_alt_fill"    : "e000",
    "calendar"             : "e001",
    "map_pin_alt"          : "e002",
    "comment_alt1_fill"    : "e003",
    "comment_alt2_fill"    : "e004",
    "pen_alt_fill"         : "e005",
    "pen_alt2"             : "e006",
    "chat_alt_fill"        : "e007",
    "plus_alt"             : "e008",
    "minus_alt"            : "e009",
    "bars_alt"             : "e00a",
    "book_alt"             : "e00b",
    "aperture_alt"         : "e00c",
    "beaker_alt"           : "e010",
    "left_quote_alt"       : "e011",
    "right_quote_alt"      : "e012",
    "arrow_left_alt1"      : "e013",
    "arrow_up_alt1"        : "e014",
    "arrow_right_alt1"     : "e015",
    "arrow_down_alt1"      : "e016",
    "arrow_left_alt2"      : "e017",
    "arrow_up_alt2"        : "e018",
    "arrow_right_alt2"     : "e019",
    "arrow_down_alt2"      : "e01a",
    "brush"                : "e01b",
    "brush_alt"            : "e01c",
    "eyedropper"           : "e01e",
    "layers"               : "e01f",
    "layers_alt"           : "e020",
    "compass"              : "e021",
    "award_fill"           : "e022",
    "beaker"               : "e023",
    "steering_wheel"       : "e024",
    "eye"                  : "e025",
    "aperture"             : "e026",
    "image"                : "e027",
    "chart"                : "e028",
    "chart_alt"            : "e029",
    "target"               : "e02a",
    "tag_fill"             : "e02b",
    "rss"                  : "e02c",
    "rss_alt"              : "e02d",
    "share"                : "e02e",
    "undo"                 : "e02f",
    "reload"               : "e030",
    "reload_alt"           : "e031",
    "loop_alt1"            : "e032",
    "loop_alt2"            : "e033",
    "loop_alt3"            : "e034",
    "loop_alt4"            : "e035",
    "spin"                 : "e036",
    "spin_alt"             : "e037",
    "move_horizontal"      : "e038",
    "move_horizontal_alt1" : "e039",
    "move_horizontal_alt2" : "e03a",
    "move_vertical"        : "e03b",
    "move_vertical_alt1"   : "e03c",
    "move_vertical_alt2"   : "e03d",
    "move"                 : "e03e",
    "move_alt1"            : "e03f",
    "move_alt2"            : "e040",
    "transfer"             : "e041",
    "download"             : "e042",
    "upload"               : "e043",
    "cloud_download"       : "e044",
    "cloud_upload"         : "e045",
    "fork"                 : "e046",
    "play"                 : "e047",
    "play_alt"             : "e048",
    "pause"                : "e049",
    "stop"                 : "e04a",
    "eject"                : "e04b",
    "first"                : "e04c",
    "last"                 : "e04d",
    "fullscreen"           : "e04e",
    "fullscreen_alt"       : "e04f",
    "fullscreen_exit"      : "e050",
    "fullscreen_exit_alt"  : "e051",
    "equalizer"            : "e052",
    "article"              : "e053",
    "read_more"            : "e054",
    "list"                 : "e055",
    "list_nested"          : "e056",
    "cursor"               : "e057",
    "dial"                 : "e058",
    "new_window"           : "e059",
    "trash_fill"           : "e05a",
    "battery_half"         : "e05b",
    "battery_empty"        : "e05c",
    "battery_charging"     : "e05d",
    "chat"                 : "e05e",
    "mic"                  : "e05f",
    "movie"                : "e060",
    "headphones"           : "e061",
    "user"                 : "e062",
    "lightbulb"            : "e063",
    "cd"                   : "e064",
    "folder_fill"          : "e065",
    "document_fill"        : "e066",
    "pin"                  : "e067",
    "map_pin_fill"         : "e068",
    "book"                 : "e069",
    "book_alt2"            : "e06a",
    "box"                  : "e06b",
    "calendar_alt_fill"    : "e06c",
    "comment_fill"         : "e06d",
    "iphone"               : "e06e",
    "bars"                 : "e06f",
    "camera"               : "e070",
    "volume_mute"          : "e071",
    "volume"               : "e072",
    "battery_full"         : "e073",
    "magnifying_glass"     : "e074",
    "lock_fill"            : "e075",
    "unlock_fill"          : "e076",
    "link"                 : "e077",
    "wrench"               : "e078",
    "clock"                : "e079",
	"paperclip"			   : "e08a"
}
