{
    "hash"                 : "0023",
    "question_mark"        : "003f",
    "at"                   : "0040",
    "pilcrow"              : "00b6",
    "info"                 : "2139",
    "arrow_left"           : "2190",
    "arrow_up"             : "2191",
    "arrow_right"          : "2192",
    "arrow_down"           : "2193",
    "home"                 : "2302",
    "sun_stroke"           : "263c",
    "sun_fill"             : "2600",
    "cloud"                : "2601",
    "umbrella"             : "2602",
    "star"                 : "2605",
    "moon_stroke"          : "263e",
    "moon_fill"            : "e07a",
    "heart_stroke"         : "2661",
    "heart_fill"           : "2665",
    "cog"                  : "2699",
    "bolt"                 : "26a1",
    "key_stroke"           : "26bf",
    "key_fill"             : "1f511",
    "rain"                 : "26c6",
    "denied"               : "1f6ab",
    "mail"                 : "2709",
    "pen"                  : "270e",
    "check"                : "2713",
    "check_alt"            : "2714",
    "x"                    : "2717",
    "x_alt"                : "2718",
    "left_quote"           : "275d",
    "right_quote"          : "275e",
    "plus"                 : "2795",
    "minus"                : "2796",
    "curved_arrow"         : "2935",
    "document_alt_stroke"  : "1f4c4",
    "document_alt_fill"    : "e080",
    "calendar"             : "1f4c5",
    "map_pin_alt"          : "e002",
    "comment_alt1_stroke"  : "e003",
    "comment_alt1_fill"    : "e083",
    "comment_alt2_stroke"  : "e004",
    "comment_alt2_fill"    : "e084",
    "pen_alt_stroke"       : "e005",
    "pen_alt_fill"         : "e085",
    "pen_alt2"             : "e006",
    "chat_alt_stroke"      : "e007",
    "chat_alt_fill"        : "e087",
    "plus_alt"             : "e008",
    "minus_alt"            : "e009",
    "bars_alt"             : "e00a",
    "book_alt"             : "1f4d4",
    "aperture_alt"         : "e00c",
    "beaker_alt"           : "e010",
    "left_quote_alt"       : "e011",
    "right_quote_alt"      : "e012",
    "arrow_left_alt1"      : "e013",
    "arrow_up_alt1"        : "e014",
    "arrow_right_alt1"     : "e015",
    "arrow_down_alt1"      : "e016",
    "arrow_left_alt2"      : "e017",
    "arrow_up_alt2"        : "e018",
    "arrow_right_alt2"     : "e019",
    "arrow_down_alt2"      : "e01a",
    "brush"                : "e01b",
    "brush_alt"            : "e01c",
    "eyedropper"           : "e01e",
    "layers"               : "e01f",
    "layers_alt"           : "e020",
    "compass"              : "e021",
    "award_stroke"         : "e022",
    "award_fill"           : "e0a2",
    "beaker"               : "e023",
    "steering_wheel"       : "e024",
    "eye"                  : "e025",
    "aperture"             : "e026",
    "image"                : "e027",
    "chart"                : "e028",
    "chart_alt"            : "e029",
    "target"               : "1f3af",
    "tag_stroke"           : "e02b",
    "tag_fill"             : "e0ab",
    "rss"                  : "e02c",
    "rss_alt"              : "e02d",
    "share"                : "e02e",
    "undo"                 : "21b6",
    "reload"               : "21bb",
    "reload_alt"           : "e031",
    "loop_alt1"            : "e032",
    "loop_alt2"            : "e033",
    "loop_alt3"            : "e034",
    "loop_alt4"            : "e035",
    "spin"                 : "e036",
    "spin_alt"             : "e037",
    "move_horizontal"      : "e038",
    "move_horizontal_alt1" : "e039",
    "move_horizontal_alt2" : "e03a",
    "move_vertical"        : "e03b",
    "move_vertical_alt1"   : "e03c",
    "move_vertical_alt2"   : "e03d",
    "move"                 : "e03e",
    "move_alt1"            : "e03f",
    "move_alt2"            : "e040",
    "transfer"             : "e041",
    "download"             : "e042",
    "upload"               : "e043",
    "cloud_download"       : "e044",
    "cloud_upload"         : "e045",
    "fork"                 : "2387",
    "play"                 : "25bb",
    "play_alt"             : "e048",
    "pause"                : "2389",
    "stop"                 : "25aa",
    "eject"                : "23cf",
    "first"                : "23ee",
    "last"                 : "23ed",
    "fullscreen"           : "e04e",
    "fullscreen_alt"       : "e04f",
    "fullscreen_exit"      : "e050",
    "fullscreen_exit_alt"  : "e051",
    "equalizer"            : "e052",
    "article"              : "e053",
    "read_more"            : "e054",
    "list"                 : "e055",
    "list_nested"          : "e056",
    "cursor"               : "e057",
    "dial"                 : "e058",
    "new_window"           : "e059",
    "trash_stroke"         : "e05a",
    "trash_fill"           : "e0da",
    "battery_half"         : "e05b",
    "battery_empty"        : "e05c",
    "battery_charging"     : "e05d",
    "chat"                 : "e05e",
    "mic"                  : "1f3a4",
    "movie"                : "1f3ac",
    "headphones"           : "1f3a7",
    "user"                 : "1f464",
    "lightbulb"            : "1f4a1",
    "cd"                   : "1f4bf",
    "folder_stroke"        : "e065",
    "folder_fill"          : "e0e5",
    "document_stroke"      : "1f4c3",
    "document_fill"        : "e0e6",
    "pin"                  : "1f4cc",
    "map_pin_stroke"       : "e068",
    "map_pin_fill"         : "e0e8",
    "book"                 : "1f4d5",
    "book_alt2"            : "1f4d6",
    "box"                  : "e06b",
    "calendar_alt_stroke"  : "1f4c6",
    "calendar_alt_fill"    : "e0ec",
    "comment_stroke"       : "e06d",
    "comment_fill"         : "e0ed",
    "iphone"               : "e06e",
    "bars"                 : "e06f",
    "camera"               : "1f4f7",
    "volume_mute"          : "1f507",
    "volume"               : "1f50a",
    "battery_full"         : "e073",
    "magnifying_glass"     : "1f50e",
    "lock_stroke"          : "e075",
    "lock_fill"            : "1f512",
    "unlock_stroke"        : "e076",
    "unlock_fill"          : "1f513",
    "link"                 : "1f517",
    "wrench"               : "1f527",
    "clock"                : "1f554",
	"paperclip"			   : "e08a"
}
